,vel_start,angle,distance
0,0.9624511493020207,0.20014918050941688,1.9248905539393704
1,3.6936978963103404,0.20466621935889773,7.387348661476835
2,0.3063140950236738,0.8677177142666626,0.6125579361627658
3,0.581954609854086,0.1453501773535648,1.1639054745104787
4,0.005089771176614022,43.87272370785204,0.0073382400113573
5,0.029606248600253515,16.108306962967607,0.056887751671556686
6,0.1844644712349588,0.13238684841082038,0.36892795764968866
7,0.0012891143818367645,52.352439633704485,0.0015747888873036686
8,0.15384028969770824,5.356355892784429,0.3063370494417299
9,0.08004324965491527,2.7095922328955258,0.15990751853544438
10,2.288813175220488,0.17793494490640493,4.577604276126401
11,0.009725186411981834,21.237456313007378,0.018129443447442384
12,0.025780017615387063,41.6296927959598,0.0385387503934993
13,0.017251239340241753,3.855673792441656,0.034424385752878095
14,1.111396258935263,0.011954001066156739,2.2227924694922656
15,0.503569466237066,0.9424813219361738,1.0070026782937518
16,0.007521416166531569,7.666638402856391,0.01490836517415417
17,0.8701899475621273,0.2686570855100301,1.7403607629380247
18,0.256182888909982,2.728277133770318,0.511785013726012
19,3.3219175217396297,0.31020766778850795,6.643737668455447
20,1.8908168195622048,0.502480519705707,3.7814882138581325
21,0.05955210075530992,38.74936200617243,0.1393325231190019
22,0.059983426001276374,26.73923266278822,0.1607070273693747
23,3.5453898696389503,0.6214240506316304,10.635544030363569
24,0.6558711203650769,2.8576265900909545,1.9651666345651257
25,0.03613017344338276,55.7697586963149,0.06097181828373266
26,0.2632688739573896,4.784132080050193,0.7870549319676439
27,3.091734948032724,0.5402949499950382,9.274792455311562
28,0.05154771891302312,42.55276026124327,0.11391864127277884
29,0.028035374063462015,70.13567686663247,0.028578754572572862
30,0.0948561655434772,22.152868934796945,0.26356195766715373
31,3.5312540605052325,0.5497315165764627,10.593274571183578
32,1.01057945055123,1.7680482459583402,3.0302950064349545
33,0.33459062174190723,7.642722249394466,1.3264733426117488
34,0.25590615904312664,11.023474217117485,1.004737662430827
35,0.24349097103234119,12.235509293312901,0.9518400385228389
36,0.05221782427476285,58.094170952366575,0.11039364027148935
37,0.2024015070721954,12.554029704734852,0.790249539346874
38,0.3219009299413611,8.349576241778593,1.2739557792870926
39,0.058722926089731065,45.020946697537205,0.16603278396226528
40,0.05578962918891639,46.356252333561144,0.15401782173854173
41,0.7232800773910757,3.951157493746269,2.8862438040003937
42,0.25502817772965924,10.952377188297012,1.0015318067293464
43,2.7718756569219987,1.0624552737778703,11.085596432609677
44,3.552685889599263,0.9599468015414858,14.2087490966336
45,0.053892095979598764,61.1678526825195,0.10395683423104174
46,0.1209797548286824,25.15479625896899,0.43802544182220515
47,0.08295069649631204,64.6767861290205,0.17740007039065198
48,0.37364203145531993,10.403494207298621,1.837497641570609
49,0.09039433693780152,42.2897934428137,0.33434649322998666
50,0.7273900734793228,6.2223395269897575,3.6155242913530383
51,0.27656999365061896,16.050770825590917,1.3289424265856642
52,0.06908160762803028,62.515927736790886,0.15940650524285616
53,0.09161935526378029,50.384424203036986,0.29209781848199334
54,0.20036059006710705,18.432726326421495,0.9504060147594018
55,0.40613573282041715,10.558248962132183,1.9962975121917292
56,0.29438300696571496,13.892902104261154,1.4288559767923559
57,1.0521578681800943,4.6284989783975234,6.292359830471408
58,0.527928645678168,10.194844715194519,3.1175607842708644
59,0.11387465336927738,47.207279840950825,0.46416315806177266
60,0.45080513115800436,12.35174802590005,2.642221453582234
61,0.32869214873460173,16.007682825246384,1.8956821254472445
62,0.9071580756405684,6.011952124486024,5.413012611180534
63,0.1715669904142305,29.260925033403808,0.8980531595831778
64,0.09640479387687284,66.36842932981867,0.2318654248999188
65,0.9338647608118813,5.238405572231971,5.579786419404517
66,0.39153175624938985,13.327888991342729,2.2859192712173346
67,3.3297488918718168,1.4753609465498996,19.971870270595264
68,1.3268240967982434,3.909870183225875,7.942415858262628
69,1.2484824223844457,4.136116885082281,7.471384617401462
70,0.554565916279615,10.812455391555533,3.8130429853878134
71,0.13752595504347065,58.76179991316388,0.4992440075614972
72,0.28272193880685004,23.287384586914136,1.8178269058584444
73,0.31159168866875664,21.734306118050338,2.026086667706087
74,0.22583039459282173,30.090942610981344,1.3677677157047157
75,0.3671905599675549,18.9524107790933,2.430992680462955
76,0.4104245354601548,15.493245803437333,2.7685735553644175
77,3.1679785515169514,1.8965781747105293,22.16370180270551
78,0.31179163414664846,19.9944170807459,2.050990811659595
79,3.0637496902869397,2.097249167743127,21.431882104309512
80,3.471756569883123,1.7881681583713005,24.29046139123342
81,0.22989822431959395,29.15549528920686,1.4053920592850915
82,2.2828092662968644,3.076742448322439,18.23614950036395
83,0.904338187624711,8.179001937393851,7.161117229881796
84,0.22016644061825374,45.54452950479737,1.3877514609250436
85,0.759557310006826,12.032321763146015,6.685829601268281
86,1.8824979407369882,4.545557435493404,16.889191155299034
87,0.6989093916798024,13.081556211119077,6.126947172614123
88,2.3459454235595834,3.71617676322641,21.069114674087068
89,0.4743713083901677,17.616041468956038,4.069135151230677
90,0.16649365701581154,59.465743434573085,0.7612890640040266
91,1.6155513352062805,5.064088482371332,14.483206531602537
92,0.17474049148079152,61.55523400452934,0.7490779076283793
93,0.17659013587358396,53.02570927635136,0.9559017333838078
94,0.4018984832142638,21.41501744091068,3.3673632437936956
95,2.6400464503894203,3.3839350841495417,23.71898980064696
96,0.35451705075707496,23.54832975065545,2.9249466789012413
97,0.23743044481836506,40.77732934327669,1.6181554041929544
98,0.17410070897529373,59.794612390065055,0.7883125015946639
99,0.22965056180437804,45.87754041682531,1.5988139927910616
100,2.3223043534519703,4.111759385508279,23.163269459168568
101,0.3558179189744557,28.022576446806852,3.141027288198952
102,3.4879218955762297,2.920598939443776,34.83391446037551
103,1.7987122001861549,5.232698447212779,17.91216090170785
104,3.8155254826921285,2.6202488988671746,38.11536257985175
105,0.969817033394893,10.566466864679501,9.533716915963655
106,1.3294790179086347,7.322522200695991,13.186363435179594
107,1.2284365673765771,8.392890687746679,12.15280566332499
108,0.3820666705392619,26.651298834881118,3.414732271728873
109,0.17240164938991365,76.13769592063296,0.4130559717733462
110,1.3325744218856728,7.206910599092105,13.220465206969216
111,0.20035932545399016,64.63376132306583,0.9441793947075379
112,0.20057895975393691,74.52566589526596,0.5886738846313193
113,0.3164143572816207,36.631461025296005,2.7931128219745336
114,0.279609691271582,43.64469535041303,2.225684894695471
115,3.8711030211284023,2.908703146362291,42.52727299531566
116,0.4458398502887082,24.329943709901716,4.468683568408062
117,0.18553715381176028,89.14689112438003,0.03038710705991221
118,3.062667063039986,3.4960908756345885,33.626640530968544
119,0.20951214782923167,67.9771589767818,0.8641827283232768
120,0.4378530958813549,25.023830909060838,4.364279378874269
121,2.8598273195027955,4.009785199783518,31.381094935742084
122,2.736749936839286,3.8442906414781373,30.036512916659184
123,0.3221096796256675,34.07193767563802,2.934961316259896
124,3.338743793058797,3.190045196499298,36.66927258681952
125,0.27165938899443764,50.68533946950777,2.065411744966653
126,2.23705219420704,5.3833278051812625,26.726222912510146
127,0.21566166003761422,77.32444867277263,0.567871434605415
128,0.4319878769106311,27.715795002025004,4.589087290794829
129,0.3343681121987916,40.9942422816445,3.02847432701693
130,0.29599848628125613,45.64470351674938,2.4832106735139803
131,0.6729343459671346,18.185297997862843,7.6718727864356
132,0.25691813488669624,53.86074126958082,1.8182091747645117
133,0.4531709014155898,27.111357899963856,4.8405312969886225
134,3.535416056822751,3.447637913626073,42.34821079711974
135,0.20131764832627663,86.95184121283164,0.1284615527164803
136,0.2443781338019808,67.58767052011439,1.2112605055878767
137,0.3950689269302421,34.53957665198819,4.230616053829024
138,3.9420460896315994,3.4478013477617875,51.15384291057456
139,3.2928979540098626,4.007515769339928,42.70300399078175
140,0.3598566526295244,40.33042877832106,3.5662591018415206
141,0.3703778363106016,36.768653407809836,3.8570283816911815
142,1.437471202899136,9.774476749505457,19.832460606733314
143,3.2879118514408305,4.35745529118452,45.897711445652284
144,2.3751047862795316,6.233620568360315,33.054865046505896
145,1.213991022096542,11.65449460234429,16.645479874375027
146,0.26693829928760193,64.07457244291989,1.6338795456899824
147,2.4405198094332756,6.06267678147078,33.97617821115757
148,0.24537295938077008,88.94676049976259,0.06314439157673846
149,0.4747298706565357,34.403143314413256,5.875369643802513
150,0.32231837612457825,59.57319978811377,2.4485100027032125
151,1.6406078467206124,9.450194144577463,24.275140002179917
152,0.37230744704607677,46.51957135556564,3.842809060128083
153,1.3952348124605813,10.742149099840542,20.5617696503424
154,0.32066926791876416,59.321848534932926,2.454154030568949
155,3.232461261204753,5.315532018793737,51.49696725992865
156,0.5603660637721624,31.66635443843144,7.631016042237185
157,0.37439868604932824,51.30392353272655,3.7451203127743327
158,0.3299226141430269,58.890806796631935,2.7273816296761595
159,1.1533068198513452,14.123313131300796,17.895129532651694
160,0.4439997183350326,39.584766471826256,5.47492636215307
161,1.0200612680981203,16.644815448940808,15.637111996282375
162,1.3969927149642634,12.299142619580174,21.838880045907622
163,3.9995145777678025,4.2040294523454955,63.82005088578968
164,2.6175760717789998,6.558228503591716,41.60715888304663
165,2.141684480020934,8.089394758206618,36.04636007495247
166,1.138262954596334,15.558608858571626,18.64140294185864
167,0.48869477573722486,38.748947702031,6.479228537055963
168,3.949879671162822,4.464473327338002,66.94421349765896
169,1.2136807407423054,14.722802699046605,19.95513683818306
170,1.3090732754880974,13.686998274204061,21.622288285411187
171,0.33415567981370886,65.34846105678844,2.369389178707676
172,1.0950662032747345,16.588219048323168,17.8413464485063
173,0.3704506718750573,58.00681345743051,3.3366169796827787
174,3.9993625708223117,4.44358923866674,67.78479492183642
175,0.41789111341173557,45.92303198615655,4.941816956354476
176,0.31518479863669224,88.419847069937,0.14775276538933646
177,0.3111908448235394,86.71249347549869,0.3033761247856006
178,1.7145125041794151,11.06033439863178,30.287999758366347
179,1.3850654670048628,13.588558421039089,24.233303301581245
180,1.0820314787789695,18.147151483098945,18.50779711202363
181,0.34174494471865113,74.72595353999179,1.6205032148476768
182,0.35093382773102144,69.13387205273962,2.249956715833445
183,0.5969809414614726,34.545386438013594,8.85095322200084
184,3.520033552325237,5.7221798683862115,66.54737445870153
185,1.8825147459166978,11.015906524697627,35.1087292424962
186,0.8607130733684181,24.25531315728202,14.909921784738327
187,1.3645333958747021,14.575867083565608,25.091708518164822
188,0.8047368978829255,25.49990005354436,13.800541436730906
189,1.5465494362560177,12.908633890662411,28.64182226946283
190,0.40021552754365386,61.959865434611864,3.5746085349491548
191,0.8917283924512618,23.408039385192012,15.548424985506713
192,2.4766014393277738,8.727839074513808,48.95846151401813
193,0.36256669885937587,88.57723169546774,0.18004655806159064
194,0.47885036435931916,50.400127042110825,6.104597832888139
195,1.077404771119724,19.800230792632423,20.274159188685974
196,2.74034246251506,7.835782057040407,54.295111719464984
197,0.5870966352312967,38.622883678932254,9.17363426968926
198,1.326117071574886,16.500396475786054,25.4300922536273
199,0.4695822177816358,50.752568081947445,5.941817443194779
200,0.3784307576921875,73.51596497415649,2.147580675443166
201,0.9749855433104311,22.831629590286024,17.971890713411927
202,1.3865169937877773,15.85886101659975,26.674861225945193
203,3.910100564881151,5.312028628830344,77.86615587132918
204,2.072168836914325,10.68156744105883,42.76152892732277
205,0.4165470437598784,72.12691479954658,2.684687761510215
206,3.909210723246652,5.841759589770199,81.66709683110868
207,0.7252892716258104,33.058744974007126,12.76534210380268
208,3.455706557486097,6.372094030189722,72.12150795161985
209,2.5831582334888674,8.79240264245498,53.60885583841075
210,0.9795395839019707,23.534730098290773,18.85925412946068
211,2.6181150941604043,8.508021599295244,54.37536627775893
212,0.45224930530135987,62.12426846843402,4.440484085247915
213,0.7260858384723612,31.576233653225184,12.990277158351368
214,0.7284331828327866,32.183667399659576,12.946621917264494
215,0.47380490212887016,54.00521591020622,5.847673390934165
216,3.3383185645981053,6.732679236798834,69.6212439644419
217,0.8247165409478474,30.033668698708606,15.707626839010992
218,1.909140619409086,12.362947405377,41.02712779883493
219,3.518900921593017,6.75161962658955,76.87895193767963
220,0.47012313798940575,63.04000992311867,4.689055325776149
221,0.6212478861811257,40.9292222942149,10.326026764046361
222,2.064620128923175,11.51888366592622,44.50680295202046
223,0.4345468478350103,67.89773065024494,3.5970663151245255
224,0.5555550169835262,46.747218577910346,8.374882804411783
225,2.5797189758417307,9.267570902958717,56.01301131981171
226,1.298454291613505,19.501031641916775,28.151288958803164
227,1.0657817105612009,23.361605046202474,22.503418918100806
228,2.039199442843209,11.964327270309704,45.882737362392035
229,0.865983579334157,29.636615561457134,17.311980895866977
230,2.3216306305092282,10.49217469159424,52.504686887324034
231,0.43234022339707945,79.64708947670722,1.787011975318725
232,0.5861108666419566,47.33506732982652,9.135900063888382
233,2.400338943296368,11.025386433577681,56.544835031446254
234,1.1236354230828436,23.261662172033585,24.775105139880317
235,1.337227621664704,19.5895341254573,30.23585194931588
236,1.015920230204721,26.253218109655503,21.86702215826324
237,3.9946952078055675,6.4279019341776324,95.26998309008982
238,0.9474630904652463,29.01012320758294,19.88612928488088
239,1.3712461612545987,19.234378852467444,31.07283970067919
240,3.223906619377185,7.913647814958098,76.63690503333409
241,2.200166390756078,11.544110349930431,51.73581752427498
242,3.171441669535706,8.244494818582709,75.32796858090799
243,0.6220974844890041,46.617626526147966,10.2551121141951
244,0.7373326195874981,38.976646054175504,14.330103884638824
245,3.129519485889135,8.62436614818985,77.35332666252856
246,1.979769808717093,13.910596768122668,48.04267973447675
247,1.220338478220571,22.224674274713983,28.241920674476205
248,0.606281499683317,51.0945939159885,9.519172552288186
249,0.5962900920739354,51.31966883466739,9.316655665249307
250,0.8168244622139267,34.54955133757777,16.819151495330686
251,2.7545242033965978,9.834685924788424,67.85113943586015
252,1.8492048158347894,14.763716655525206,44.703831089068515
253,2.5091088334908798,10.69480267396474,61.638117393291154
254,0.94201381288525,29.46030781480317,20.50520602645909
255,0.4687970187188575,87.95552790084939,0.4181106596999218
256,0.46941270552420855,80.48710721224955,1.9394905154188624
257,0.6738369918804499,45.845141432860125,12.204267053581624
258,1.5135757909198233,18.781567435695738,37.25753848871201
259,2.4111928265639615,11.92576054008006,61.337901658718906
260,1.9662121407703577,14.560749386217982,49.47957560486011
261,0.6129462451555474,52.056877553867906,9.799080750474843
262,2.8718375295634275,9.793170995232611,73.57973026977041
263,3.0473497489968673,9.241046989138239,78.20279051403467
264,0.515368244045963,71.86538785329768,4.170625227527861
265,2.517195970382295,11.389233300792167,64.15833066249125
266,0.49119760367152754,78.78099965413521,2.484747997165229
267,0.48890485084204505,85.52757346861063,0.9912361933217113
268,2.0604649773154997,14.007320165755933,51.97911316227759
269,0.6408816617750324,48.834734684570456,10.9680892491182
270,0.5302516758768627,66.0266977570084,5.601623200706637
271,0.7881228415498889,40.57476304260349,16.162872673463745
272,0.5313666392588083,77.47137212206167,3.112235467176081
273,1.9925908530131924,14.737754117503215,52.029952499914735
274,1.0591839618321455,28.908423750045827,25.03447337768221
275,0.5898696430367494,60.15633193324507,7.925577007753844
276,0.7449866012313877,43.14360152657862,14.676486893439069
277,0.6654477824523051,50.07625836913632,11.530693909414389
278,0.5383444850816863,71.3786168799989,4.641310596208765
279,0.8827481754104487,35.071789565848334,19.506689992051847
280,0.8010442013201486,40.020553661177196,16.56316915864236
281,3.6472750316685927,8.11965730605052,97.48922513141696
282,0.5202335597202019,74.43493648495888,3.7690800955424937
283,2.373265146869969,12.557678765874435,62.54525728686697
284,1.3630498831964886,23.31312323662266,35.04941192120961
285,0.9819121996601483,32.03250518682334,23.30757632597173
286,0.5338154049755923,81.12111525784738,2.306987847742036
287,2.739449945035847,11.034342509144,75.28653279324854
288,0.5765464326882044,67.27470423250293,6.236371542499942
289,1.2135984452284645,25.738103449638235,30.609472114718628
290,0.8429714242785717,38.324990677760226,18.51685114868958
291,1.373882220125854,22.98344605601467,35.414968315186286
292,2.4181423792371177,12.472723770734488,66.11000600714713
293,0.6663714353670391,55.20609184940001,11.027222110775948
294,1.4641852191337437,22.059254355311452,39.353026867856215
295,0.5877672050608718,68.22664124008554,6.322697665604764
296,2.2223798089646967,14.394473368090638,62.425775876917854
297,0.6116571867288596,63.423204205419445,7.935952840009826
298,0.5829001037180834,70.9377058458905,5.5208118451808055
299,3.19033276688535,9.997524409562239,91.11476293822685
300,1.4698848233471207,22.294338398553837,39.44019809272518
301,0.559750462530392,75.27338155951446,4.126486794633406
302,1.2265868522412022,26.628087150005346,31.79816552400124
303,0.7348638186566667,49.72215412308094,14.252569917922116
304,0.590811739563172,72.57040346261557,5.309040292275231
305,0.8845523253334067,39.94703989930968,20.343949732341855
306,1.704598791252681,19.589528497352436,48.17803421422056
307,2.076018572491123,15.69122631031007,59.959558370490015
308,0.8933735826088638,39.804423625433216,20.589601518410298
309,2.5095416371340944,13.307897291483892,73.26459912972925
310,2.180619940874261,15.092952298648928,63.16196190169909
311,1.7011695376598346,19.39865406570232,48.137847790818626
312,1.1148537502424984,31.134469289869134,28.627978782144737
313,1.727959865089526,19.594898082237385,48.836672321323434
314,0.9874811600153524,34.87907962863302,24.30272291298104
315,0.7539021543565707,48.42294618735432,15.009287429930822
316,0.6478045548139786,62.34472083195997,9.020370686194639
317,0.7540992426217055,50.5718812168556,14.847007299123057
318,3.46582149545353,9.84455829626539,105.8584302524178
319,3.286355669339563,10.28861025376893,100.2389004640231
320,1.2086787521611417,29.10890583547933,32.73657469261557
321,0.6123595698053843,72.64053985815085,5.663916822252133
322,1.3905653454141924,25.36446685549371,38.952009026811254
323,1.1916906604597326,29.23042992249136,32.2382692385427
324,1.4305615568503551,23.954861631743086,40.52757115227372
325,0.5876251758552185,82.75674638410655,2.2967606500155373
326,1.1047125357593615,32.36343211788812,28.92663456307089
327,2.0123013715207283,17.375076543423408,61.45538251704758
328,3.188865178248727,11.034143217368438,100.15723509488953
329,1.1660772076070818,31.449167804778355,31.833101170766973
330,0.735503489923246,55.15290940766184,13.448258034961352
331,3.138026191256782,11.130030621657983,98.52816027626525
332,3.3896061250354155,10.67203370071299,109.9222455768348
333,3.420010926475272,10.6634924065211,110.9113636865848
334,1.2655219065252425,29.792096821377765,36.242676792636566
335,1.0065211451602147,39.70165749003515,26.329542938114557
336,1.8188412760738482,21.24205198867281,57.639037604752474
337,1.9276866860708082,19.702510834927423,61.70427971929361
338,2.9018724886172866,13.129684404835185,96.0844396094981
339,1.8529386939646608,20.310971335151812,59.0827373427514
340,0.7503829871900867,59.338284397635036,13.0108312230427
341,0.7964039898640558,53.72593065456906,16.020498297793296
342,1.5758913346790497,24.768700328474182,50.082184156658656
343,1.4172172893709405,28.60567646523928,43.547890200023474
344,0.8004241777870269,57.96525424541717,14.860011441114445
345,0.8753564878588209,49.911065418012896,19.729796567588256
346,0.6758845522933576,85.91260579952274,1.686149302552229
347,0.8192573479426133,54.3442940616909,16.714458249285467
348,1.5021286787143366,26.264015555392593,47.14694978747783
349,0.6980090724698313,77.186567507369,5.572887572449957
350,3.3504324879509215,11.814379819251938,118.06045350149884
351,2.615854895948773,15.46388960059631,90.76167056059919
352,0.729930821283606,69.02372284372284,9.406859073962693
353,2.587713715744289,15.667028223587426,89.69663469889177
354,3.517028130710415,11.390105168005732,124.11940676000819
355,1.303925921545361,31.576629204239087,39.9912273503094
356,3.9073195720337104,10.306338110450827,138.39393448558766
357,1.3327001427864684,30.99079166831401,41.12846219337415
358,1.0317472008807962,42.15046666645235,27.537189650631632
359,1.1839747701433407,36.407864413428236,35.25646756986455
360,2.582842773110798,15.753519907364014,91.97561663436801
361,1.7154978433353856,24.748111085973058,57.64382932349376
362,2.456653658119355,16.783885049536824,87.02407624877355
363,2.6036327756986792,15.766338813926973,92.7100993604589
364,2.514127565310427,16.18251042416351,89.33704842028826
365,0.7410561528207733,74.56057186941959,7.299493074543026
366,0.836978206675401,60.384208713052494,15.717527193305461
367,0.8956837534087039,55.11371125094035,19.466866290178857
368,1.0095820139624592,47.12641425679671,26.10229587465639
369,3.1556827524573947,13.549702095516468,116.57832996407448
370,1.0008662016355294,46.35653026890108,26.249130512055117
371,0.9208268617571287,54.03779509242393,21.089519745004903
372,1.5091804577675147,29.576466398415693,51.188702340285374
373,1.9652492481665438,22.60752371978513,70.75532086764208
374,1.0456866740050015,45.35160914496682,28.659565963419716
375,1.367673044426379,33.18677300713829,44.63912113658018
376,2.244754897604574,20.07857635372996,84.33298891325293
377,1.068462268186233,45.825176101323166,29.782318154029305
378,1.6976752983132686,26.600919046385915,60.71885469909691
379,3.939637388717858,11.363067011683134,154.49656475574446
380,0.966048022306925,53.674275847676384,22.890506252908132
381,1.7931262975081452,25.68890385490766,64.63581868449046
382,0.8273780280449441,68.63652596538309,12.05599542461826
383,3.8981496404191804,11.251644986672517,152.9290381008995
384,0.7783718940582487,80.39320521005044,5.1959647965360745
385,0.9441979524367414,54.12745838080931,22.131398956851598
386,0.8875151536546011,60.08847637587133,17.702806259651283
387,0.8780554611128046,65.12973681725441,15.140455049957342
388,3.2577056759949676,14.097638698791561,129.54320122559824
389,2.621866768654094,17.658374097972494,102.431527763021
390,3.312126374413113,13.946798865599629,131.79387241886087
391,2.8262095292144043,16.274583656569725,111.23146119886158
392,0.9669593246511354,54.50027917422,23.022004388163076
393,1.3494295785026638,35.94771849451487,44.78982543752556
394,0.9087235084017413,60.27649568956654,18.472907233891256
395,0.8357538121215544,74.58393014869034,9.330951753809714
396,1.3083799240520975,38.479563925769526,43.01804823992432
397,3.98277169741886,11.708634619100993,163.7957636949856
398,3.3407972706753184,13.907436471312133,136.20023679499823
399,2.6719656808171117,17.80477126618149,106.84753939516797
400,1.3013885921605932,38.81096764166709,42.590747758590915
401,3.1439788795443904,15.449507759005892,130.30604072011735
402,3.809599811727997,12.60325812410635,159.86561713009962
403,2.049875180992125,23.918344444576448,80.57514138086113
404,0.8650737564206183,73.80471800883286,10.37501752940097
405,0.8485233221957964,77.68305012130838,7.7832795356954705
406,1.6737906690250988,29.599012089449765,62.58077045253262
407,0.8219698278914707,86.31882221557336,2.269288246972053
408,0.8738222624319203,75.27816248909184,9.770704650701674
409,1.068965062043758,52.34117499181177,28.73609436070865
410,0.8425584717691317,85.88292913601362,2.661611326857738
411,1.23048926406444,43.533645087908084,39.250985014524005
412,1.3576010635779636,39.351220129752846,47.240872880995916
413,0.9458885022783359,67.67939657468308,16.165705290213577
414,2.1798104635080526,23.454526321944723,89.9867865619507
415,3.2838401701157105,15.27118970950485,142.55494700415122
416,2.537622037261897,19.91081063423274,107.3669785098692
417,1.8719566033847892,27.45577974265216,74.75005825996071
418,1.5097580491023077,36.45622436008796,55.8584963869711
419,3.7364486505866608,13.75573015667175,166.94692272378555
420,1.7299731028203666,31.314417657437374,67.98637106094941
421,0.9990243336137876,63.99102135726411,20.151870771556986
422,3.1859331820290997,16.274417304199375,140.6806260324998
423,0.9039918692965059,79.88401341228902,7.3038068657604
424,0.9717034193981586,67.76186878019317,16.916401028326476
425,0.9155956374907852,76.00616469865665,10.184724039366202
426,1.060838481844082,56.472555806328444,26.9532239463203
427,3.7579040417118637,13.544590426672183,168.05589473109362
428,1.2285325076907117,46.692310434214725,38.76282588498187
429,1.761080517680135,30.230655278032845,69.99283327043442
430,1.657595620840051,33.078554434845415,65.28006707999084
431,1.1365095215691774,52.40259133152179,32.58956795864948
432,1.847827717341504,30.419901239180035,76.48568551417064
433,3.7216923070699273,14.420316157735835,173.01312426362665
434,2.068518369463624,26.760438840372952,88.65473710728435
435,2.602278317848633,20.72667664168814,116.8251447395184
436,3.9778487725469662,13.56179255342558,185.61296419693997
437,1.74905402581705,32.6703280803444,72.1445113521613
438,2.3920664372511524,23.455630734920724,107.52592372077176
439,1.376003026557103,43.478923512338675,48.92481859775471
440,1.0341074328827387,67.92112525166064,19.04644763421334
441,0.9787658449455483,78.34324518681467,9.69013352629836
442,2.9946382091625194,18.935941193723174,141.62871620902433
443,1.4365016567581943,42.05715805118393,53.32846726524707
444,1.0129595630160373,72.69000519409452,15.069871348976491
445,2.9858375980761145,19.09475735535081,141.07766885162846
446,3.7326185333560224,14.908315973420281,180.34869612657795
447,1.307773517602497,47.712228413853225,43.99707407497777
448,3.6560259378304654,15.378659105430069,176.25595912581522
449,1.023105580458779,76.57392365477043,12.115330812579973
450,2.6071113097944636,22.407927528391774,122.92310375875363
451,1.0975822749333526,63.77167222216539,24.73886806082338
452,0.9973328428042123,84.2477830277495,5.097921256587277
453,1.723777829661958,34.80300929115643,72.1867835936438
454,1.4853555400278071,41.50851121098955,56.72828487802148
455,1.9659516227405325,29.999711797315058,86.83101860911772
456,2.032981908992323,29.104508688985714,90.59055098284514
457,1.6883464858524113,36.513822007108764,70.56122306317849
458,1.7322120306394129,35.97966457818259,72.89101304532846
459,3.900211752817129,14.956881612469136,195.93984082319875
460,1.1114414527878327,65.24175304502913,24.20397533440954
461,1.37123385719535,46.940927261136366,48.6830606078492
462,1.535886139498834,40.680728811027286,60.56673062118426
463,3.477641585838839,16.920877428676413,173.00847804067308
464,1.47837514423611,44.52014457162326,55.86662962682969
465,3.4958261727710602,17.122720053162535,177.0665533718076
466,1.1094886524625367,66.9098368062749,23.061273228074484
467,1.769018428846859,35.282405281615254,76.53604309666662
468,1.0816336062113092,76.04191201438415,14.088765624651565
469,3.1786513663959695,19.38426612899736,161.9171540171941
470,2.333193558511119,26.95232901533993,112.30764878687398
471,1.9331181525457466,33.02141665190791,87.52620451141824
472,1.1007973985908293,73.12583834863682,17.254577031447013
473,3.977682812897112,15.736780144526003,210.57248687368303
474,3.3618116706858125,18.655229239760367,175.1851098580342
475,1.1668167784038235,66.66958894089122,25.41538293628289
476,3.870595960174471,15.920493943932204,204.71728769131713
477,1.6826193014966329,40.129202007968495,72.0450615901446
478,1.2997549835973055,57.48145776104242,39.12790355293261
479,2.928192959307283,21.790232534191116,152.26237609740687
480,1.8248717226000921,37.27957352136592,82.7657792686143
481,3.2697684412954215,19.857482067908034,175.29492158836908
482,2.3007469739962785,29.072088929463014,114.6197973360206
483,1.2331383617703313,64.80818566931025,29.918465813318676
484,1.483222108219517,48.39007031364088,56.14170791925048
485,1.1032752988100936,86.27835702642606,4.0819284821650825
486,2.6712190901757538,24.94411732279644,140.47870129590078
487,3.5466185898603477,18.512342117536335,195.05978912918675
488,1.1349377735383652,89.97831473697605,0.02491392172132123
489,3.8056060509666354,17.19070381458015,210.86454793729388
490,2.4708712660538565,27.00133672879563,127.68910232895013
491,2.774723542069261,24.11165408699496,146.89265447212046
492,3.5237236290230687,18.535090762868506,193.77481401653682
493,1.2609122763536584,65.04051059347579,31.39250938452257
494,3.074510367112546,22.01509169068793,168.16964159469384
495,3.599528323832424,18.66811966469416,201.19895805605987
496,1.8961163640017569,37.35531821605967,88.92481270908799
497,2.9728209816699067,22.623920531833654,161.89962877421104
498,1.2677894958116327,64.64010670011415,32.03686211463705
499,2.6886112018411077,25.606958251599405,145.47215589310537
500,1.2790310783699277,65.35875150355616,31.99638957902068
501,1.3233050637631791,62.1993892548913,37.03105683057258
502,1.3807590377211247,58.20335601819073,43.65181439742552
503,3.837175469040527,17.90519359591737,219.07966695686932
504,1.7979174920289411,40.46284263500482,82.07424864656991
505,2.7529669755506836,25.37097713592642,149.2470036141479
506,1.2148180940340292,75.25095680604589,18.55652611149992
507,1.2791682975905299,66.34280933884716,30.797014002038573
508,1.7515502580514526,42.74446264524722,78.4653785652045
509,2.2721036868841007,31.43026314733983,118.26255294516159
510,1.2065722389648146,82.93525701463483,9.052235921636541
511,2.1124302589067967,33.987838353550394,106.84361968266002
512,1.2756096389643141,68.49588205857232,28.523465624217287
513,1.6807448853658058,45.54747128301852,71.80041730838403
514,1.3871520607636225,60.15486975897374,42.800235436310686
515,2.503381932782477,29.125591703648183,135.58417783031538
516,1.2153945981830714,82.21529604182743,10.206843025088531
517,1.2123774990250196,88.55879688732874,1.8905419474904654
518,1.9682305707191303,38.139905079038385,95.97744736346671
519,2.9270040248578337,24.32433916805491,165.36448708823627
520,1.536420646594208,51.79333559458426,58.91710336528217
521,1.2443612767508245,75.51830395657062,19.29305452860808
522,2.945126478315359,24.15532855759566,166.60947257577013
523,1.5270500132883549,53.310038331951915,57.480504849222385
524,1.2310479462576587,85.98342745386326,5.4324123736653895
525,1.2300069497558694,83.87481289740509,8.268320372723423
526,1.2669958466313513,83.1272396405147,9.703351319035775
527,2.1462117327516217,35.648908876947104,111.61723382253513
528,2.357226207899955,31.87691352658723,128.11008414709255
529,1.4248976765906916,60.5534664229046,44.83171840116337
530,3.41660732835988,21.334903189302953,203.6778525166869
531,3.427330153534349,21.463622426369987,204.13728415826466
532,2.260806512145341,33.55043124917709,120.58594841616198
533,1.6080454332219731,50.57873568647573,65.35274229120023
534,1.374433957438307,66.44156310497375,35.15772910306336
535,2.4454263740065616,30.98440054172913,134.17487084169625
536,1.739864081287756,45.626735311461864,77.87129184905463
537,3.9723055335570887,18.529449005852552,244.81489282986598
538,1.3772171319270226,67.37677992741678,34.43526706151801
539,1.9958247290509,39.30838628221933,100.3771849441431
540,2.5965011767673274,29.525874722535224,146.85462697467716
541,1.5544683335978786,54.16633670412865,59.152520309717374
542,1.818464540103057,44.108250776574515,84.87082235009126
543,1.8538701537412745,44.19631846670553,87.72338666033559
544,1.4138510744702262,66.00502102934288,37.94682201425273
545,1.43153439002295,63.64605526253267,41.94165741149463
546,3.8197523383999665,19.87628570773303,237.0855691393742
547,1.3139887538650297,80.2688464341855,14.658425824912683
548,3.5439987234200316,21.81646730292992,220.44167025758406
549,1.6577236631318222,51.93903218849358,68.4730648085424
550,3.83766840823376,19.847607054069158,241.8503701318595
551,1.8324110396579685,45.99454431790985,85.29268655871672
552,1.4435905351536311,64.92389265125918,40.99228032961196
553,1.5945317023124632,54.764943451944156,61.63575563774015
554,1.5420280093509522,59.25908201394344,53.59883667639741
555,2.1466193382533767,38.56674138806515,114.13147633264634
556,1.6042470345261344,55.621829568022264,61.5972731783088
557,3.698508493367299,21.124801763938358,234.59727324454707
558,2.3484873172589062,34.766903094520636,131.18780412082785
559,1.7597458463755058,49.32519025986976,77.99197407413186
560,1.6597547775784447,53.22032785638151,67.57572742212963
561,1.4444560514947091,67.2002698647285,38.06252142028389
562,1.9879624763168295,42.074937807659396,100.34100209736181
563,2.8240392360181397,28.490050403104924,171.26130995459258
564,1.3751174981397627,79.14700227712406,17.865524634315527
565,3.173840555283961,25.091267213189973,198.32919437201906
566,1.383435545414637,78.40879105895807,19.17995836784668
567,1.3646312306755881,84.96042730545518,8.271330049650455
568,1.5623982900901283,61.69259168133543,51.86247309044479
569,3.2457960236924914,24.794874967102302,206.26076092232438
570,2.5674859682848,32.50482986679796,151.56955846251455
571,1.37360757835329,84.63760364123036,8.985924973352216
572,2.0416611093415526,41.932881701489265,106.31944327115397
573,1.579688076809075,60.60152677258705,54.28066931386883
574,2.8076317324266054,29.47759628749997,173.5366865602344
575,1.512609007414592,67.60644440222916,40.91397613272216
576,1.8935304874477343,47.62348377088924,90.61296235891564
577,1.869431322175195,47.88545264880263,89.01047464421836
578,3.373761779986393,24.81501622593626,220.48228622407942
579,2.213061195492832,39.8406225537246,122.34626344641993
580,2.881052787350526,29.21005426708388,181.0575287447757
581,2.1553974364834416,40.55303377754625,117.91300861627894
582,1.483516784223276,72.88456046062603,31.434900044213833
583,1.8129575839130285,51.04120633803288,82.07406688761478
584,2.2806491915981466,38.126040744192444,129.1739723484043
585,1.4625646524730223,74.09644145789059,28.855471014480237
586,1.7832500324536582,53.108199470728046,78.14615677396444
587,2.0742860847597866,43.32409351150609,110.15777076884912
588,3.959385386481238,21.119201901407727,269.6214625562915
589,1.7700410292434676,53.69577974573698,76.50346619432396
590,1.7861954585452446,53.25931709252251,77.99991145476348
591,1.9205468002748902,48.354784321012026,93.16510729359388
592,1.6219475368532006,63.93266032281989,52.74186145697222
593,1.4562744966362016,86.17484250599468,7.189173884632677
594,1.6702713586362092,59.970582231235994,61.85499082534136
595,1.516815972203021,77.29937583486151,25.01117652769068
596,2.1138588348969054,43.886232509535255,114.26216193732124
597,2.4480334577687737,37.00347613545196,146.62477969962288
598,1.7793951552988063,57.09439009358358,73.46678784734422
599,2.9160445549070744,30.53765730203873,190.8797573894454
600,2.691813378773836,33.66267278284795,170.273270923691
601,1.6978317520301798,61.594282801291904,61.38359693341516
602,1.9420909233588994,50.10920428506276,94.65907504776969
603,1.6465270219832115,67.09971316044746,49.33472329396241
604,1.598970599953708,71.0803827874539,39.920830589214745
605,1.9593417496413368,50.53013920781678,95.90343460925722
606,1.7138342229574648,61.7640764222586,62.43317976311948
607,3.0617310013757457,29.579341546661496,205.02826083990033
608,2.7743238040859337,33.09301551353149,178.97014898097794
609,2.683925601230402,34.10339513835497,171.12196360834318
610,2.684216015509299,34.790394507922926,171.94309466518766
611,1.877609089373176,54.46545461273381,85.1178575492786
612,3.7933964507933453,23.878059803134388,270.55984514527375
613,3.3453332275342365,27.74844021653927,233.88905525054415
614,3.8855162109671726,23.370833346484574,281.7721082652001
615,3.7971766758189855,24.23586972603125,273.5379804647935
616,1.5538102032347365,88.91796051833182,2.318033564284045
617,3.415298035711207,27.103389127199232,240.17975067647149
618,3.304436547036966,28.45029764036227,232.42896540295746
619,2.675484501118914,35.90029910621111,173.3796531473378
620,1.6023829728585275,77.03053079797805,28.77005773524101
621,3.6449689289603877,25.59602669294813,262.9808598183419
622,1.963126488234698,53.46243379200192,93.49974296926916
623,1.6856579962440557,68.4673417111167,49.495166656510605
624,1.719108644057457,66.79176875760318,54.19647479062792
625,3.702904945667185,25.252560781868084,267.92326653252536
626,2.9413526335385938,32.42757861126751,198.61658118659483
627,3.655047646258921,25.84964215036412,266.43560690789707
628,1.8580601305067441,59.3619758788929,76.69814890095839
629,1.9250840032891157,55.63981792830333,88.00688915515256
630,3.405226205180315,27.83623245047726,243.90666594064322
631,3.3389269684695355,28.399939585948243,237.90380539502277
632,2.0143845444561683,51.77333807185251,100.96235425585708
633,1.5993779196827669,82.15010965217586,17.693654741570516
634,3.8887809371543587,24.24829510263524,287.200920697627
635,2.4368213056569847,40.697029010638886,149.6491441582409
636,1.6763748515215955,70.55965176354607,45.1931337191155
637,1.9747667879912925,55.094994509961566,92.65968488754214
638,2.500009905602346,39.97047107782202,157.10762444507526
639,3.488657218968906,27.30694269539002,254.19073527926435
640,1.8284841196984014,62.14772219824841,70.04899172253026
641,1.6368175951660198,81.11587559757972,20.72833732531482
642,1.808827226588161,62.73451617533841,67.9492464419749
643,1.740048121241851,67.6728145371468,54.20493283280254
644,1.7175682436541706,72.63211085105233,42.55446035550215
645,1.7196164654513488,71.28036982456055,45.80682049426381
646,1.7405603043430475,68.670298528144,52.54740288701955
647,2.1982601870607725,47.711340162505266,122.76818684493773
648,2.5881860679141413,38.90453799791439,167.17107527579307
649,2.3700067929085322,43.881428137526655,143.49246415024098
650,2.213317768905298,48.562768683291594,123.04083358643018
651,3.4724250891656934,28.436916629954048,256.48971652711754
652,2.1797660446965246,49.15604215648451,119.74784442818913
653,3.422520070833867,28.67184024819529,252.2400528803709
654,1.9637140702388804,57.389348672423594,88.89714078659178
655,1.858455342444807,62.63605230476841,71.75467902985703
656,2.9734759748183857,33.974082365495086,209.5993913374235
657,1.6921545658857862,80.4340682262119,23.90254203605054
658,1.7491497712885624,75.84982806371823,36.77398721741196
659,3.0390334314214758,33.85570227362253,217.0420534736751
660,3.61729749638016,27.994582496129603,274.6878420428566
661,1.7655566748850542,73.34026818631519,43.52998701464983
662,2.081966525250296,53.90219017086897,105.48955979816222
663,2.7777544846436775,37.465615207020875,189.60894823755834
664,3.618678878635389,27.91980817187672,274.98314484400447
665,2.7508703962972696,38.49009323397575,187.3240214613279
666,1.763235721703409,75.71017687022413,37.86361745022256
667,3.5801244260671514,28.532616413855706,273.64124224150896
668,1.7906036354540422,72.6028684480539,46.577884839528494
669,1.8920169944733476,65.35629330013039,68.6362475734697
670,3.2559158601289027,31.899123987540708,243.25018856587974
671,2.7674827286302555,38.88536116163264,189.57122117069932
672,2.6135376610333783,41.63736941010617,171.88743690137838
673,1.9363861346913218,63.81318910680442,75.19827412025131
674,2.3549639678219423,47.21502716317977,140.7653764425118
675,3.5810675064681114,29.27682192992225,278.00463900202124
676,1.9986038778333306,61.48104197181447,84.92668862377214
677,1.9541517728593352,63.47183137536166,77.67901597576129
678,3.064429151938413,35.558756949452246,226.860553111602
679,1.9939015010924255,64.15363186863975,79.10269898208362
680,3.2853989755809145,33.03548964297606,250.6375279536428
681,2.8655712795307298,38.6894296943001,203.54056117121803
682,2.949798240391841,37.202192479098805,213.80762162782645
683,1.9853090624174126,65.5814454796014,75.50673861003594
684,2.7883311314744157,40.42517107086161,195.28166947630933
685,1.8904387275732182,72.93784032610833,51.02980304831362
686,3.694271530918098,29.48039643902572,295.867629628196
687,2.1633008574586565,56.734461888204955,109.16846890189886
688,1.8113401055426888,83.92817901533721,17.626698401717434
689,2.3142498152765465,51.648293832166914,132.10849608287637
690,2.9562699693213723,37.93868943119,214.49972848409118
691,2.7941017495657774,40.1725619080343,196.41882535522222
692,2.6895256909692913,43.09754305079166,182.63981727604016
693,1.877811540767751,78.7268365379865,34.50621563319939
694,2.64818365712394,44.182243193588384,178.5138052695975
695,2.254958514723912,54.71525681094932,122.44015789190948
696,2.324623453259252,53.50825072496882,131.3346399548201
697,3.4489726646816683,33.010707753498316,274.75907208072556
698,2.258162371289928,55.59277764486887,121.22209823417475
699,1.885590179406552,85.80902124343795,13.228908856150419
700,3.8941895484603113,29.142195399517433,326.5189429561834
701,1.9053774044699097,83.81694593738575,19.701050901987287
702,1.9019668193109793,84.08797678831397,18.80687935302933
703,1.9417946338342764,79.53010872556231,34.2274779474667
704,1.9085831450720652,86.66882546121556,10.75753767731105
705,3.75171693530058,30.547361526790056,313.4083210277557
706,2.334022543160811,54.950482544152166,130.01804288782694
707,1.9095645465871098,85.37854700386401,14.924196730702171
708,3.1102599603570886,38.00091675776219,237.73610265519088
709,2.1949860448879472,60.03642108616347,106.339591751137
710,2.325290720149249,55.37242144993543,128.1683243100023
711,2.840161778439547,42.72474603666476,204.47153884620684
712,2.9247203505557184,41.19603066394982,215.67219205750408
713,2.2970595162353713,57.10891413690092,122.24558824729522
714,3.1353910933708864,38.031343157071014,242.02722422274445
715,2.3628577265684583,55.61798467341425,132.09813659371392
716,3.9748468980431375,29.478877135904,342.5649471339382
717,2.023095929743675,75.52646010928711,50.058179283623254
718,2.0890424478779575,69.23721541223932,73.31592487711914
719,2.2548572197678722,60.356717925672335,110.40966310503256
720,3.0416208697753966,39.957979513929196,230.8135512572889
721,2.6163470477652315,48.3293144967773,172.20790489958134
722,2.1666618330681358,64.68068929715987,91.73341165874497
723,3.968033812544217,29.312146683843665,342.53887169719076
724,3.3224732791877103,35.89247122998424,266.46817032628576
725,2.71966121314034,45.91235677009099,187.3303529415004
726,3.0127837992121007,40.22003112547306,227.74675789421877
727,2.081951585924097,69.35459128455388,72.67209419528398
728,2.621897835961639,47.97416078366423,173.7717914869595
729,2.5525537193226904,49.55925750090054,163.91852846919426
730,1.9605715817455267,85.61566895767297,14.837976826528223
731,1.990922035744413,82.77965642618318,25.023000808772224
732,2.0122552495866555,78.4071489559124,40.43741526327196
733,2.2006385197609797,63.09276702908706,99.589298842929
734,3.214442879497539,38.44735103878829,254.26617729580232
735,2.1883924372003163,65.01110756170549,93.37147907401182
736,2.13692578107446,69.17961934871224,76.7143236696284
737,3.014460999485887,41.79259990586709,229.24171695359433
738,2.744346444103475,47.01873416999265,190.84030790408653
739,2.0202444716248484,88.8765502174895,4.040241280449713
740,2.0114323331998363,88.8706439909985,4.043763154115631
741,2.2111078656572474,64.9538765690911,95.47887953080148
742,2.022129613844372,84.45801443258866,19.91931985514527
743,3.0635197428207745,41.513232842970595,236.27908978932368
744,2.316974166927332,60.87820208276895,116.14245454002146
745,3.0792143027538375,41.902910507735754,238.34619068369764
746,2.7448010057403676,49.17878188801839,188.3992815057045
747,2.0605515008518545,88.7371946709178,4.768166198872086
748,3.037983846664014,43.082223399331376,232.98083816026588
749,2.734841036113052,49.054212845423734,188.18765699388553
750,3.7155857572252047,34.05120227842005,326.32123402599916
751,2.8118188473776917,48.28731619246443,198.3230276258192
752,2.2177718228087406,70.82914952030731,77.19826785611608
753,3.708396448345546,34.29496452626073,324.75046486970996
754,3.149205795338046,41.874782960387606,250.90597386267774
755,2.1216579302748104,84.12051061098667,23.254856119584403
756,2.441072591845653,59.80657290072506,131.36027997873123
757,2.6176464966018123,53.35719214554567,167.1634917888157
758,2.2283097795925197,70.73198276879934,78.67863966897988
759,2.8299178090919983,48.48732956750594,200.692295870934
760,2.474366055612221,59.84878313775109,134.22609657786077
761,3.799390397485733,34.241283393056634,339.21314228575875
762,3.0166849113789946,45.061908101224276,230.1277260227676
763,2.627112432627313,53.86520331712043,167.31078436127478
764,2.154335064495294,87.57527063034007,9.934608294525102
765,3.047705408544331,44.846218096905346,235.53042160377808
766,3.4493887899743583,38.52785673921092,294.1338280727784
767,2.3769437748392557,65.15116975124745,108.87493137832975
768,2.551119178086558,58.38556594844153,147.10276253243381
769,2.4304642975756545,62.826663676598926,122.09494949771707
770,2.1982455600417534,81.52054749582332,35.65558502679952
771,3.3991575599817083,39.68434425815538,287.74938546646774
772,2.4821886492882688,61.3567442124021,130.88332923257843
773,2.700492956829697,54.340515161814565,174.74705563194846
774,2.218973575080462,85.5837867698417,19.136717718931095
775,2.609652293996803,57.52374378154517,156.94032952342764
776,2.244613316737491,80.6763097900722,40.729241723764815
777,3.472652165008248,39.5593479317325,299.85696715585
778,2.2940768705818964,77.24599853144723,57.22920537129994
779,2.8497798798817184,51.50513935944131,200.44274792753345
780,2.6297791845651997,58.561730611229464,156.36687348393573
781,3.5683726676536636,39.22395110890296,315.1356390253031
782,2.254137890921161,87.1586282580927,12.738336901724637
783,2.24721081981588,86.5871251932211,15.250691762634084
784,2.2743991331023454,88.84008005531429,5.294686370376427
785,3.260571061935102,44.25099077714547,268.5841151261162
786,3.1198200886880607,46.855026909286174,245.35004311787972
787,2.7610418629522946,54.977018657514606,182.2261938023903
788,2.444232895706104,70.04963279622685,96.7424840959925
789,2.743980843424555,56.47998059373152,175.77525447425438
790,2.812172619250776,54.6262155208487,188.84679998066747
791,2.3164725852152963,82.6723714417458,34.27215576336473
792,2.539270161549829,64.61283624160191,126.28551869888537
793,2.3480320619063306,76.6055088671725,63.09609958313126
794,3.1723143256382973,46.02564253019901,255.50777011253564
795,2.439852701191914,71.51851875542823,90.49116275096236
796,2.52288621043528,66.73795963296313,116.5765682283101
797,3.7540864334017208,38.09580474032025,345.663827937938
798,2.3816363420299957,76.28443007064512,66.06885904863265
799,3.9700572992875753,35.53472338364771,377.990436277318
800,2.35105684673202,82.92820003974904,34.154602586004856
801,2.5971671487451142,63.653833243200076,136.0074659083745
802,3.9180253754932393,36.63622184260592,370.98985229628687
803,2.661218684769296,61.29547162444284,150.8233791470559
804,2.5329376557237864,67.26244320420861,115.52287787025584
805,3.0004634947210116,51.12016071555112,222.23629871523886
806,3.799138590223426,38.18620849342655,355.3512174997377
807,2.8595323270857675,54.96079883343103,195.36975147705988
808,2.425514206174426,75.76278584594685,70.98631823507847
809,2.3603327413882784,86.20841015656643,18.573847937435485
810,3.483144479597072,42.546774212869835,305.3684680225588
811,2.4038661016230596,78.10410294186268,58.96673827251719
812,2.8224870360727135,56.81408228750789,185.38914902112077
813,3.984352638378739,36.447632624053135,384.6016788674275
814,2.466659149833514,75.30507280330988,75.71249642223675
815,2.6190533180048576,65.82999078732686,129.7555235168
816,2.7157286174810844,61.62951543339699,156.1426942529974
817,2.4742462373333,75.88095100759502,73.0309192669256
818,3.8097009876443866,38.88650915249404,358.81786632229057
819,2.502297003708843,74.03960857304185,83.94375162814218
820,2.7820884018702183,59.94274336825646,170.0010487157235
821,3.314944942861983,46.54847201808081,278.138337771402
822,2.6978076914748605,62.848604721917724,150.19741543283612
823,2.8808613587830414,57.60466941911005,189.84366999964254
824,3.624880633172209,42.265194494937575,329.9543777256925
825,3.033488384088583,53.63359860722573,223.03845270238955
826,2.909640040981902,57.62179993074972,193.20790448038795
827,3.007274105450936,54.35082545779604,217.33496311694125
828,2.6829021052219293,66.42320711334168,133.06457079416003
829,2.9247143356207563,56.866317523360784,198.230404146485
830,2.651297717654974,67.98293960371558,123.2467654705948
831,2.6073202284089096,71.29559090296033,104.51634791716558
832,3.5539978412967916,43.90778084120221,320.06280126322923
833,3.960745122417528,38.6792258122843,386.4979529832006
834,2.523336762625097,77.32753973668265,69.19534426144058
835,3.156476840140519,52.23276132785367,243.58326191460148
836,2.5406422533234965,79.54275767868563,58.102494705336426
837,3.295184203207538,48.99769276493262,272.4038719709824
838,3.388576023319767,47.19056783611069,290.1462205374267
839,3.0725651100121505,54.60941352630082,225.9923861703332
840,3.032689253779298,56.178833315708296,214.37633309261392
841,2.5313911244851557,82.90986455496034,39.68130132326708
842,2.9602072099878516,58.30385998474991,197.52758201755802
843,3.8082722170686196,41.424567906845496,362.6544680924872
844,3.8442014468544086,40.587067037551606,370.75827247011995
845,3.8309553686262015,41.23934856945471,368.7339869155332
846,3.6196554029298906,44.16556374102433,332.35015340000706
847,2.7639941103840626,67.76466564227002,134.9246746521065
848,2.850299819151291,63.16303908468329,165.99424613099333
849,2.578304981244327,80.7200977220207,53.634511019820806
850,3.0985751835374264,56.168920194771445,224.2656337025097
851,3.3058214885331054,50.87086271024203,271.206782032119
852,2.8678615871925075,64.02608969033857,163.28180987038562
853,3.915759392883763,41.20940157589286,382.9608222513281
854,2.8224860236358693,66.3475016725478,148.33770993692372
855,2.821957172791544,66.19194021541455,149.2287467370348
856,3.3093838617664457,51.45591569893085,270.139296233152
857,2.631842117269835,79.76674009088907,61.25070384680684
858,2.6902466231257502,73.8345193734498,98.11877602177094
859,3.2263414020917267,54.199790220097164,249.12132249527303
860,3.396066387892638,50.28676501639926,286.42698857046594
861,2.6359158283067985,82.85466912467776,43.27916482345124
862,2.705342998064966,79.22657138708193,67.76356828658126
863,3.8518917243911464,43.53289543917798,374.2004644638431
864,2.88092200397007,66.59339824391591,153.35720248661124
865,2.6465149513530046,88.805729425404,7.391418647654305
866,2.6606311081006084,87.65692333010048,14.575795773924469
867,2.739067675258697,76.16440379520458,87.77157306341381
868,3.821993034885679,44.685053491355866,369.5625715410001
869,2.709279090487565,82.96906504260701,45.101666093049126
870,2.781485645548117,74.84599518643756,98.88837849590445
871,2.7277409521520175,80.23619835706899,62.91212334600337
872,3.2122212352874784,57.10332439319048,237.27104173941007
873,3.322313195191978,54.54155658416202,264.0421322948759
874,3.383309297521827,53.133799237927576,278.0840979351027
875,3.3882080205269287,53.28995746363053,277.47355760251463
876,3.2576140557722915,56.54022125742797,246.06436955403558
877,3.366792042524167,54.43072744768258,270.26176292442216
878,2.762182395668211,85.69615762416181,28.81325929030467
879,3.897344618867988,44.74616853706211,384.754867223619
880,2.9330766445447773,69.85948086911927,140.37997629383403
881,2.9481097597181236,68.98475050120301,146.95643604706072
882,2.847466462403887,77.03176911273079,89.46029395197289
883,3.68626076858236,48.61487215446171,341.1870237827604
884,2.9317606502873677,72.68846499908466,123.00776097346855
885,2.800063269931286,84.63967767122807,36.8825986014993
886,2.9799820319671415,69.18304982905418,149.32413960398128
887,2.8102371699800135,85.39498506320885,32.038491140645526
888,2.834877292819133,81.15010749565211,61.93123077188561
889,2.8306961948252334,83.8828191774523,42.83363271182985
890,3.419788672597895,56.07020301310319,272.96502206415477
891,2.8432122433446287,85.47674876696016,32.064331150799354
892,3.523117967509149,53.92911366001912,298.708062079403
893,2.887881557420154,80.6998742421089,67.20464877638635
894,2.868864406051699,83.7258908592039,45.14749509156841
895,2.868419942377137,84.34854380566925,40.67602538978041
896,2.8735584518167006,84.61177187724898,39.12650390913892
897,2.906988670815572,81.34671731782674,63.418699768937174
898,3.251967342686997,62.255670098731194,219.51236792736708
899,2.8945670198873374,82.31370893166516,56.13612007061046
900,2.882556979574412,84.20755211805572,42.18376676557332
901,2.983914573145613,74.47477679970937,115.80892405663425
902,3.677404832995352,51.66820575225934,332.99380780909814
903,3.225482101742964,63.65852271814332,208.956819844892
904,3.0952264774795375,69.37194918751128,159.20539642991824
905,2.9171916169381142,81.23182439165824,64.92440100120723
906,3.0008405067266524,75.17566265105604,112.8642887637239
907,2.911517615535536,89.68985023907288,2.3167728451005996
908,2.95301838173698,80.34384247828828,72.81273940155182
909,3.499393951357747,56.21403068594062,286.0598467438717
910,3.053442176708295,72.32913456375752,136.24960991501507
911,3.319636455020444,61.969117455678756,230.8880716383022
912,2.937690216009948,87.38033801896994,19.871882602709775
913,3.248041500124646,64.29827044632759,208.47739549368868
914,3.9370349422769495,48.14946983037558,388.7588524011709
915,3.178283552725622,67.85776779298496,178.48972639621502
916,3.0605235814189244,75.04911994931595,117.64847823625097
917,3.093940295048753,76.80087356710423,107.38162094965857
918,3.0143312681208863,85.79708209352538,33.57942749542256
919,3.0154693742167806,89.88076845015561,0.9538207219510468
920,3.543186368563469,58.925377733318136,279.81097071620525
921,3.3465666276978627,65.19764388024396,214.788937708468
922,3.1874199628710222,71.51715285783328,154.6031694631026
923,3.4876345972511222,60.75185131843115,262.42123960449806
924,3.741606614282347,55.32809600586472,329.91925682966877
925,3.2133184202089007,75.3650587652154,127.464420950423
926,3.173139487582723,78.16805050232288,102.14834829379195
927,3.226684044726015,75.47588489261544,127.85548137778821
928,3.14958928474085,88.10806947575874,16.533114574793633
929,3.1577800365474484,84.25622165394063,50.24887910075105
930,3.7182034248670255,58.17011049579765,311.7953578622968
931,3.2953632255294782,73.59743073702413,148.8895058838124
932,3.1722034305481923,88.56603319296102,12.701415986639539
933,3.2244321456407494,78.76645451752198,100.50356200438944
934,3.179606169665461,88.21993467228891,15.802898658437137
935,3.2584246016219227,76.39394515471885,122.64440439354578
936,3.4625490803147123,65.95554819940146,225.72788296613027
937,3.4067592687658674,69.69358740215918,190.34769901160846
938,3.5616189824706646,63.80174466313284,253.15290891470727
939,3.3306711676147738,74.31154219141455,145.9028953167869
940,3.222535700439958,84.06667761482178,53.96492403734452
941,3.646605411837423,62.10173574402132,278.1200150418043
942,3.6029650709187515,64.05043626701519,256.9833045409338
943,3.2532722281095756,83.42088026545083,60.75728570150223
944,3.3734370907045306,73.14090790829161,159.4728056204526
945,3.3186213432458533,76.51968550853255,126.09810780984489
946,3.5423232087270407,66.93062036714062,227.63910968585213
947,3.2631737795915314,85.44950286411083,42.45839759414265
948,3.491957640212058,69.73996666662724,199.51796384599234
949,3.7712224580154596,60.23031975102888,308.9571113193003
950,3.388588657189045,76.52380858946955,131.08705613926833
951,3.419736343628972,73.93835378906927,157.0598041131853
952,3.6499255487308417,65.1981836945097,255.6893421956691
953,3.3682057050478362,82.39014939912408,74.93484009914096
954,3.8606868482032435,60.069293349151955,325.5444382507262
955,3.6001442336999454,68.76776025278238,220.34035329288864
956,3.816867413166933,61.132242730548576,311.42374753491345
957,3.397865223301222,81.50890336819204,85.29142192101895
958,3.7859788279011752,63.476448133961476,289.10766119489773
959,3.625292401870822,69.5545324667111,216.5495512329983
960,3.40764279137237,88.89249614009049,11.328647966429486
961,3.4541581769706093,80.74998351637848,95.49977124768202
962,3.9255784541504752,61.349550105326635,327.4987103172041
963,3.4845808805469236,83.28638349510886,71.28993783704216
964,3.8016856859700736,65.83816781064873,272.3154407777045
965,3.8338969978232265,65.05290239206595,282.98653951380635
966,3.98722036403971,61.09082705433838,339.2421445679363
967,3.7092154386262997,69.77700393033986,225.66411311002787
968,3.6514103682255574,73.25368185167795,185.16927504546263
969,3.5499627758409416,80.70102460921262,101.53160737285538
970,3.781819267954108,68.49392550176205,245.39535634977204
971,3.7046119107245663,71.17400405696357,211.5964860857237
972,3.8742331893324002,65.42829573169732,286.76316546665925
973,3.7283766554072852,71.39250281818583,211.75998034094567
974,3.994418393960231,63.66208735606412,318.9925507943993
975,3.6671134969181827,77.07412145592957,147.6536285737338
976,3.702282477403016,75.02610773614549,172.18648714770814
977,3.729977107687243,74.58814215088495,179.41850376584563
978,3.620387460110292,85.90813303474498,47.017125769965816
979,3.910423588163902,67.57896516139076,271.4482293013942
980,3.61291953321221,86.72542593314004,37.55998496992017
981,3.8158951630268905,72.3383780617136,211.86331746329748
982,3.7360098320172033,78.11082843411418,141.62295065982156
983,3.8001564242335335,74.81385627218404,184.16250359579462
984,3.868372390344267,71.85394771550789,222.88191965062228
985,3.694240476033539,89.53810422383535,5.539298397877811
986,3.8764881841249936,73.24473108837567,208.97825580105086
987,3.7340471908776443,82.78735027147589,87.66898421374299
988,3.867943218868416,75.55022714471804,182.41760612325166
989,3.892945399154387,75.92062927332795,179.93388676435723
990,3.9822545198381407,71.82546150099972,237.2441347081185
991,3.8841618047968054,78.89078534179465,143.6926940129214
992,3.9261816090013344,78.41557514522272,152.95404690188522
993,3.9856661180889,76.4810419889613,181.68492505023454
994,3.8723578201189017,88.72949589339079,16.74279429446015
995,3.8683505159177907,86.74286976423235,42.85869883763373
996,3.9016166401612655,89.33963225458153,8.85858641438903
997,3.9797837810765104,78.8188633425341,152.02989954876054
998,3.994181526978365,80.1827221012882,134.84483117579316
999,3.9886795314236805,89.93691243976396,0.882767252841747
